QTD,Bubblesort,Heapsort,Insertionsort,MegeSort,QuickSort,RadixSort
1,0,0,0,0,0,36
2,1,8,0,5,3,47
3,5,8,2,12,4,57
4,8,22,2,19,7,47
5,18,22,8,26,12,77
6,23,42,8,36,16,88
7,30,51,9,46,38,99
8,40,62,12,53,31,110
9,52,68,17,66,34,119
10,61,94,16,71,41,130
11,93,94,38,84,74,98
12,96,117,31,96,73,152
13,117,117,39,108,53,116
14,137,140,46,119,70,123
15,156,149,51,129,89,183
16,183,163,63,143,75,192
17,223,187,87,151,100,204
18,223,204,70,165,96,215
19,246,222,75,176,95,225
20,288,236,98,192,123,236
21,333,239,123,204,123,246
22,352,271,121,218,130,256
23,384,280,132,228,145,267
24,417,297,150,241,143,277
25,419,321,119,255,203,289
26,474,335,161,270,142,210
27,559,347,222,269,224,127
28,537,373,169,295,227,320
29,572,379,167,304,246,331
30,639,408,221,317,214,242
31,674,405,227,332,271,250
32,766,428,271,342,217,256
33,782,443,275,357,203,370
34,923,454,362,366,228,275
35,872,493,277,387,275,395
36,878,525,250,403,307,405
37,1026,522,365,418,268,413
38,1048,539,345,435,330,426
39,1175,563,438,445,290,307
40,1175,595,415,459,285,317
41,1201,598,386,471,323,457
42,1204,651,369,483,346,198
43,1358,630,457,501,315,477
44,1443,629,510,523,352,484
45,1559,662,584,535,429,354
46,1386,700,361,544,461,511
47,1580,727,500,560,387,521
48,1652,717,556,577,417,526
49,1760,774,600,591,453,228
50,1804,782,643,601,442,391
51,1974,776,725,622,435,560
52,1924,823,613,636,511,574
53,2015,829,655,650,464,243
54,2057,864,697,669,479,593
55,2243,858,808,680,434,604
56,2260,884,764,694,458,614
57,2366,926,805,718,462,263
58,2469,949,832,720,476,449
59,2524,946,819,738,477,642
60,2641,957,956,751,511,656
61,2662,996,895,775,473,664
62,2638,1010,825,777,646,677
63,2860,1055,991,799,643,295
64,2873,1036,934,815,618,694
65,2958,1087,976,832,532,506
66,3195,1065,1116,854,601,720
67,3179,1116,1067,866,659,731
68,3450,1124,1282,884,578,529
69,3352,1166,1134,903,599,750
70,3422,1207,1072,917,663,759
71,3424,1231,1011,929,645,775
72,3740,1236,1332,948,622,780
73,3787,1251,1294,965,683,789
74,4086,1268,1488,979,650,804
75,4024,1298,1363,1005,615,811
76,4297,1333,1521,1008,597,823
77,4396,1306,1508,1027,686,833
78,4386,1335,1445,1045,747,848
79,4585,1353,1578,1061,836,856
80,4719,1397,1675,1089,920,867
81,4832,1442,1622,1096,868,621
82,4871,1438,1665,1106,752,889
83,4861,1462,1628,1129,772,897
84,5238,1482,1830,1137,751,902
85,5297,1494,1895,1155,759,654
86,5208,1562,1790,1180,810,928
87,5523,1562,1854,1198,805,938
88,5462,1615,1868,1219,843,949
89,5692,1585,1967,1236,847,683
90,5660,1653,1700,1245,924,971
91,5968,1614,2068,1257,923,982
92,6120,1664,2060,1274,1211,707
93,6076,1709,2034,1289,845,997
94,6448,1690,2315,1309,876,1009
95,6566,1729,2198,1327,848,728
96,6856,1728,2465,1342,928,1036
97,6920,1755,2518,1363,966,1047
98,6927,1805,2452,1381,1008,1053
99,6802,1808,2180,1398,1069,1068
100,7129,1837,2409,1411,1098,766
101,7168,1885,2399,1432,1074,463
102,7471,1854,2566,1440,942,773
103,7454,1872,2377,1463,1004,1101
104,7600,1964,2396,1483,1125,1116
105,8174,1946,3008,1495,1044,809
106,8223,1957,2959,1520,1058,1140
107,8386,1990,2925,1529,1080,821
108,8396,2037,2977,1539,1092,1164
109,8718,2070,3106,1559,1211,828
110,8663,2066,2977,1593,1052,1181
111,8924,2105,3106,1592,1166,1188
112,8584,2140,2687,1617,1385,1203
113,9339,2149,3312,1616,1168,866
114,9082,2178,2979,1650,1511,1220
115,9499,2196,3286,1678,1304,1233
116,9428,2246,3081,1686,1432,1243
117,10007,2237,3602,1702,1122,895
118,10033,2215,3401,1726,1359,1264
119,9902,2287,3377,1730,1272,907
120,10462,2298,3792,1757,1345,917
121,10545,2334,3519,1769,1338,1297
122,10433,2369,3519,1778,1190,1304
123,10938,2327,3773,1802,1379,1317
124,11077,2329,3826,1827,1491,950
125,11298,2401,3944,1840,1332,956
126,11439,2406,4038,1850,1189,1345
127,11341,2484,3697,1854,1568,1356
128,11558,2480,4042,1894,1361,973
129,11630,2513,3753,1906,1431,1380
130,12083,2500,4467,1915,1377,990
131,12010,2572,4336,1943,1352,998
132,12158,2598,4152,1955,1743,1005
133,12560,2595,4188,1980,1270,1011
134,12929,2666,4718,2004,1346,1429
135,13301,2645,4588,2016,1594,1448
136,13015,2659,4476,2031,1396,1456
137,13553,2683,4763,2068,1449,1465
138,13254,2721,4771,2060,1657,1476
139,13893,2700,4737,2092,1463,1490
140,13863,2738,4749,2106,1708,1496
141,14059,2798,5125,2126,1621,1504
142,14129,2851,4521,2153,1597,1512
143,14671,2854,5081,2148,1716,1527
144,14741,2871,5420,2185,1384,1539
145,15016,2874,5265,2200,1931,1549
146,14936,2918,4883,2223,1846,1558
147,15421,2954,5306,2241,1636,1573
148,15514,2962,5603,2255,1524,1580
149,16325,2971,6091,2253,1639,1137
150,16061,3039,5616,2291,1624,1604
151,16064,3054,5299,2313,2099,1616
152,16232,3086,5872,2329,1567,1622
153,16364,3080,5691,2354,1740,1630
154,16789,3133,5869,2369,1545,1637
155,17117,3139,5998,2384,2001,1650
156,17085,3165,5846,2393,1790,1187
157,17494,3177,6143,2430,1790,1680
158,17435,3221,6102,2448,1964,1683
159,18285,3206,6435,2459,1759,1214
160,18746,3262,7018,2479,1956,1712
161,18087,3331,6146,2509,1931,1720
162,19229,3261,6927,2518,2069,1726
163,18582,3327,6286,2534,1748,1739
164,19118,3353,6714,2545,1883,1243
165,18922,3383,6635,2574,2020,1757
166,19419,3511,6461,2588,1996,1774
167,20478,3400,7494,2602,1906,1262
168,19546,3480,6641,2626,2013,1788
169,20410,3438,7452,2642,2084,1799
170,21098,3557,7525,2651,1851,1807
171,20011,3569,6613,2682,1878,1820
172,20891,3577,7140,2694,2262,1829
173,21237,3556,7631,2722,2175,1311
174,21954,3507,8389,2737,1884,1848
175,21179,3678,7075,2767,1912,1864
176,21706,3650,7720,2787,1955,1340
177,22855,3689,8347,2794,2107,1885
178,22759,3739,8025,2824,1959,1897
179,22558,3739,8111,2818,2100,1905
180,22703,3807,7726,2841,1994,1923
181,23876,3738,8641,2871,2185,1926
182,23415,3806,7991,2898,2262,1937
183,23763,3833,8331,2909,2240,1387
184,23677,3832,8242,2921,2032,1954
185,24085,3871,8434,2951,2166,1962
186,24214,3915,8308,2975,2224,1977
187,24396,3906,8330,2979,2111,1414
188,24448,4001,8851,2987,2144,1997
189,25565,4016,9372,3017,2311,1440
190,25010,4006,8749,3018,2250,1443
191,25381,4072,8251,3056,2183,2031
192,26006,4098,9198,3074,2383,1452
193,26269,4086,9312,3092,2219,1458
194,27286,4109,10154,3110,2155,2059
195,27440,4127,10002,3120,2181,2073
196,27352,4159,9261,3137,2436,2084
197,27137,4204,9856,3179,2237,2102
198,27049,4239,9022,3183,2637,2107
199,27713,4236,9926,3212,2261,2120
200,28615,4202,10617,3222,2310,2127
201,28308,4295,9809,3244,2656,2135
202,29307,4336,10521,3273,2396,2147
203,28590,4303,10196,3285,2765,921
204,29777,4389,10738,3282,2887,2172
205,29436,4392,11217,3309,2973,2178
206,30247,4454,11127,3336,2620,1559
207,30174,4487,10617,3372,2534,2207
208,30800,4438,11103,3383,2527,1578
209,29776,4555,9587,3396,2364,1583
210,31349,4545,10809,3420,2589,2229
211,31012,4524,11337,3430,2675,1597
212,30975,4604,10268,3450,2489,1603
213,31764,4634,11263,3454,2744,1606
214,32631,4669,11699,3503,2395,2277
215,32689,4660,12116,3518,2506,1628
216,33204,4638,12085,3522,2328,2292
217,32435,4770,11217,3540,2694,2307
218,33456,4745,11627,3562,2487,1647
219,33735,4742,12145,3573,2892,1661
220,34481,4780,12601,3603,2608,2331
221,33618,4852,12151,3630,2739,2353
222,34008,4866,12595,3639,2749,2350
223,34005,4917,11590,3668,2807,2368
224,35854,4847,13213,3668,2721,1692
225,35035,4880,12713,3696,2840,2381
226,35143,4981,11817,3706,2857,1711
227,35744,4999,12151,3711,2688,2403
228,36664,4983,13323,3753,3055,2416
229,37209,4968,14716,3779,2871,1739
230,35868,5039,12406,3786,2975,2432
231,37147,5096,13186,3817,3292,2451
232,37941,5182,13277,3828,2672,2458
233,37841,5143,13506,3846,2638,2475
234,38119,5133,13127,3850,3188,2480
235,38481,5163,13420,3869,3038,2492
236,38663,5207,13325,3903,2804,2507
237,38540,5312,13171,3915,2641,2518
238,39178,5266,14570,3954,3159,2526
239,39773,5278,14659,3964,3035,2530
240,39289,5358,13053,3966,3043,2538
241,40484,5394,14316,3985,2913,2558
242,40397,5390,14225,4017,3007,2562
243,41257,5348,15228,4046,2988,2582
244,40762,5422,14404,4057,2829,2587
245,43247,5371,16905,4081,3267,2599
246,41147,5448,14836,4087,2852,2606
247,42721,5460,16336,4095,3124,1870
248,42791,5507,14660,4114,3363,369
249,43186,5486,15622,4159,3165,2640
250,43827,5509,16085,4180,2833,1892
251,43377,5605,15215,4185,3577,2647
252,44267,5643,15357,4216,3132,2674
253,44387,5574,15830,4210,2890,2684
254,44269,5648,16015,4236,3403,2695
255,45191,5642,16506,4261,3686,1933
256,45003,5701,16184,4280,3348,1944
257,45690,5686,17099,4306,3436,1940
258,46434,5784,16016,4306,3503,2738
259,46925,5763,17548,4339,3161,2742
260,47756,5822,16910,4383,3287,1968
261,47000,5867,16717,4381,3234,2767
262,47316,5905,17344,4393,3352,2771
263,47721,5932,17025,4420,3391,2788
264,48154,5922,17355,4446,3107,1997
265,48912,5937,18379,4456,3633,2002
266,49017,5981,17907,4473,3184,2821
267,49108,5978,17656,4506,3323,2837
268,49723,6079,18275,4531,3456,2035
269,49657,6127,18067,4565,3414,2852
270,50499,6099,17916,4581,3127,2038
271,50537,6159,19070,4603,3875,2053
272,51437,6194,17784,4616,3556,2060
273,52066,6167,19422,4622,3701,2061
274,51690,6166,17892,4633,3273,2888
275,50729,6271,18019,4632,3641,2911
276,52369,6237,18498,4696,3673,2920
277,53172,6288,19311,4720,3860,2090
278,55159,6272,21054,4735,3423,2100
279,52937,6335,18737,4767,3358,2111
280,53553,6379,19991,4764,3376,2963
281,54896,6352,19828,4785,3972,2122
282,55210,6477,20065,4822,3458,2976
283,54746,6399,19819,4837,3549,2135
284,55553,6428,20396,4832,3870,3006
285,56567,6491,20920,4862,3610,3019
286,55897,6475,20155,4896,3764,1287
287,56747,6550,19961,4917,3719,3040
288,57095,6540,20858,4945,4015,3036
289,58072,6564,21597,4937,3516,3057
290,55579,6737,18710,4962,4068,3075
291,59804,6698,21465,5006,3976,436
292,58238,6700,21379,5019,3737,3090
293,59618,6688,21705,5036,3987,3103
294,58711,6756,19887,5067,4147,3112
295,59236,6834,21355,5065,3948,3120
296,60990,6857,23305,5086,3908,3138
297,61328,6803,22224,5121,3767,3148
298,61409,6871,21981,5156,4321,3147
299,61251,6886,21934,5153,3626,3162
300,62090,6912,23176,5195,3701,2259
301,62626,6924,22860,5183,3730,3184
302,61823,6992,21553,5233,3939,2283
303,62708,7010,23027,5245,5177,3216
304,63257,7039,22885,5249,3640,2302
305,63824,6982,24350,5297,4700,1385
306,64678,7038,23921,5300,4210,3234
307,63548,7170,23817,5333,4135,3253
308,64689,7148,23673,5357,4156,3263
309,65334,7145,23767,5362,4567,2333
310,65968,7231,23791,5412,3937,3287
311,64548,7294,22708,5400,3872,3294
312,67676,7245,25390,5435,4026,3301
313,65590,7296,23659,5460,4229,3307
314,67043,7301,24166,5483,4222,3317
315,69244,7322,26458,5495,4579,3334
316,69318,7345,26045,5499,4418,3338
317,68573,7372,25449,5518,3860,3353
318,69622,7422,25613,5551,4097,3362
319,68061,7521,23675,5561,4411,3375
320,69712,7484,25182,5588,4219,3390
321,69709,7529,24602,5633,5296,3405
322,69746,7618,24555,5638,4204,3404
323,72087,7513,26976,5669,4643,3413
324,71454,7602,26012,5681,4469,2449
325,71847,7605,25791,5694,4986,3443
326,72805,7685,25305,5707,4887,3448
327,71785,7751,25641,5723,4110,3464
328,73822,7738,26763,5748,4725,3466
329,72729,7783,26773,5772,4353,2479
330,74134,7722,27741,5807,4688,3502
331,74603,7746,26919,5809,4499,2492
332,74524,7847,26284,5858,4381,2512
333,76461,7877,28181,5869,4747,3519
334,76856,7876,27665,5883,4207,3527
335,75066,7903,27304,5889,4208,2520
336,76293,7899,28015,5903,4938,3553
337,77249,7941,28460,5939,4785,2548
338,77458,8027,26507,5963,4763,2560
339,77330,8012,27523,5990,4381,2562
340,78519,8065,29714,6021,4547,3587
341,78284,8116,28471,6025,5179,3607
342,79916,8145,28501,6045,4796,3623
343,80316,8151,30369,6066,4436,3632
344,81172,8111,30402,6081,5059,3633
345,82273,8207,31771,6091,4472,3649
346,82078,8104,30517,6138,4866,3657
347,82883,8260,30637,6158,4788,2619
348,81980,8340,29976,6153,4873,2620
349,84119,8247,31725,6175,5460,1577
350,83498,8234,30923,6225,4515,3708
351,84217,8315,30497,6224,5418,3719
352,82035,8386,30160,6261,5026,3712
353,83953,8428,30501,6283,5057,3729
354,87382,8442,32244,6297,4858,3747
355,84871,8481,30702,6300,5832,3756
356,85714,8501,31140,6347,4495,2691
357,85811,8537,30686,6353,5279,3771
358,84856,8542,30182,6372,5348,3772
359,86825,8572,31344,6395,4968,3799
360,87229,8601,31938,6430,4956,2707
361,88269,8625,33335,6432,4694,3807
362,87555,8675,32269,6468,4590,3826
363,89157,8684,32848,6464,5135,3841
364,89133,8764,33762,6510,5151,2740
365,87766,8860,28544,6523,4870,2755
366,90622,8784,32698,6556,4779,3870
367,91009,8796,33203,6575,5999,3882
368,91342,8858,34504,6587,4426,3890
369,90348,8864,33510,6601,5011,2783
370,93548,8830,35004,6619,5298,3910
371,93628,8896,34257,6637,5202,3920
372,93568,8931,33510,6667,5341,3930
373,94327,8964,34167,6680,4961,3944
374,94560,9023,33630,6704,5856,3950
375,93509,9077,33274,6711,5566,3956
376,96498,9076,34891,6742,5317,2834
377,94962,9175,34312,6782,5382,3987
378,97440,9105,36109,6787,6240,4001
379,97192,9147,37307,6804,5417,1707
380,98139,9071,37277,6836,5194,4028
381,98477,9194,36259,6848,5543,4029
382,95887,9274,34524,6875,5048,4030
383,99430,9253,36838,6903,5142,4048
384,99098,9294,36330,6909,4928,4055
385,99780,9381,35442,6949,4754,4068
386,101121,9341,38522,6960,5648,4083
387,101353,9344,37489,6967,5216,4098
388,98403,9436,34552,7001,5046,4088
389,101432,9415,36861,7022,5455,4116
390,101598,9426,37908,7033,5454,2934
391,102527,9480,38428,7067,5756,2944
392,101093,9581,36380,7073,5054,4142
393,103862,9494,39510,7080,5926,1770
394,104100,9571,38756,7137,5756,2970
395,104264,9586,39510,7161,5935,1787
396,106335,9672,38542,7170,6256,4183
397,106116,9540,40438,7190,5096,2990
398,106777,9698,39187,7207,5631,4200
399,104754,9701,38107,7204,5968,4218
400,107018,9808,39185,7271,5123,3021
401,107153,9826,38503,7288,5807,4235
402,108270,9801,40446,7307,5919,4259
403,106369,9804,38440,7300,5680,4264
404,107548,9962,37931,7324,5763,3042
405,108902,9899,39616,7358,5940,3061
406,111150,9958,40742,7368,5566,4287
407,109444,9943,40722,7397,5924,4301
408,111400,10005,40478,7423,7396,4318
409,110921,9990,40655,7430,5853,1845
410,111679,10043,41440,7431,5800,4335
411,111172,10121,39465,7485,5994,3097
412,117029,10006,45087,7493,5782,4357
413,114265,10105,43448,7522,5211,4357
414,114895,10140,43289,7566,5787,3116
415,115508,10098,43402,7543,6119,4396
416,116492,10190,42686,7599,6129,4400
417,116906,10160,45945,7608,6830,4402
418,117149,10270,41941,7631,5569,4416
419,115403,10327,42563,7650,5351,4413
420,116510,10257,43493,7654,6605,4438
421,119145,10398,43850,7672,5433,3178
422,120096,10304,45327,7724,6372,4452
423,121514,10382,48654,7724,6192,4465
424,120866,10333,47193,7743,6194,4473
425,121027,10420,44674,7775,6330,4488
426,122423,10545,44648,7793,5655,3218
427,121470,10536,44868,7818,5938,4512
428,121137,10577,45597,7823,5788,3230
429,123732,10604,46487,7858,5945,4531
430,124474,10621,48198,7883,6135,4542
431,124720,10594,48811,7889,6014,4547
432,124080,10686,47559,7913,5976,4565
433,124425,10731,45240,7941,6570,3262
434,126363,10664,48622,7969,5927,4589
435,124369,10766,44947,7996,6473,4588
436,125547,10807,45978,7969,5878,4605
437,126580,10834,47699,8037,6323,3289
438,127690,10773,49936,8038,6425,4619
439,130185,10842,47716,8058,7024,4638
440,127661,10865,47062,8089,5905,3313
441,131857,10949,50399,8087,6047,3318
442,129688,11014,46983,8148,5904,4674
443,131336,10948,49879,8149,6498,3343
444,132940,11019,52261,8176,6764,3350
445,131621,10989,48028,8188,6555,4701
446,131024,11093,48449,8215,6551,4707
447,130945,11105,48704,8227,6443,4714
448,133231,11140,50057,8247,6551,4734
449,134258,11068,50486,8276,6630,3388
450,134520,11115,50603,8298,7144,4755
451,136895,11139,51944,8311,6285,4764
452,134644,11195,50773,8320,6845,4772
453,136095,11306,50641,8356,5833,4772
454,135608,11248,50876,8379,6453,3417
455,139297,11257,53658,8399,6452,4799
456,136324,11370,50747,8409,7110,3435
457,140142,11322,52775,8402,7181,4816
458,141057,11399,52605,8459,6539,4829
459,139080,11438,51021,8497,6527,4844
460,140107,11482,52996,8506,7520,4855
461,140729,11506,52966,8520,6931,4856
462,142030,11475,54316,8547,7081,3478
463,140096,11667,49723,8561,6411,3485
464,145176,11534,57249,8595,6621,3495
465,143659,11633,53943,8614,6048,3497
466,144078,11587,54956,8646,7618,4922
467,143690,11689,52628,8652,6666,3523
468,145042,11739,52535,8671,6255,4941
469,145173,11682,54299,8667,6272,3535
470,144651,11636,56312,8721,7300,4962
471,148890,11657,58495,8708,6506,4971
472,146676,11851,54087,8748,6141,4976
473,148652,11836,56603,8783,7292,2126
474,148151,11919,56066,8778,7084,3571
475,148574,11901,55338,8818,6715,5002
476,148377,11864,58098,8835,7423,3584
477,151202,12020,54815,8840,6755,5024
478,152772,11899,58942,8868,6422,5039
479,149731,12037,54793,8902,6901,5060
480,153703,12126,57908,8911,6446,5075
481,155450,12099,60720,8933,7451,5084
482,154546,12083,59938,8975,7036,3643
483,151532,12035,58091,8995,7296,3628
484,153247,12151,57624,8990,7067,5115
485,155874,12124,59223,9031,6908,5114
486,154797,12225,57042,9040,8385,5130
487,154326,12207,58225,9059,6870,5144
488,161956,12215,63009,9100,6996,5150
489,157070,12281,60713,9101,7789,5157
490,156970,12373,57145,9119,7994,5172
491,161106,12283,60182,9157,7424,5182
492,161109,12249,64833,9175,6561,5189
493,161567,12417,61935,9205,7528,5196
494,159986,12338,62068,9219,7263,5211
495,160625,12425,60465,9234,7876,5228
496,160375,12496,58953,9266,7313,5231
497,162956,12625,62117,9271,8381,5252
498,164888,12540,65893,9274,6801,3762
499,165469,12663,62974,9303,7580,3752
500,165123,12611,64310,9329,6865,5274
501,163510,12614,63710,9350,7246,3779
502,163774,12751,60456,9368,7021,5283
503,165906,12724,62424,9399,8512,5303
504,167241,12762,63091,9404,7624,5324
505,169992,12723,64426,9448,8877,3810
506,167208,12800,62336,9462,7726,3808
507,166729,12851,61783,9473,7373,5342
508,169973,12871,63724,9501,7760,5356
509,168877,12859,63557,9532,8625,5375
510,170536,12873,66081,9549,7019,5388
511,171710,12849,65877,9564,8654,5395
512,172430,12968,64269,9582,8056,5408
513,173523,12983,67189,9622,8451,3875
514,175006,12985,67431,9612,8100,5428
515,172737,13114,64598,9661,8618,5431
516,174127,13128,65930,9670,6992,5438
517,172496,13119,64366,9694,8201,5446
518,176234,13142,69090,9739,7212,3905
519,176557,13079,71029,9762,7829,5491
520,178700,13120,69971,9795,8753,5479
521,181043,13186,70945,9834,8168,5492
522,176082,13293,66343,9812,7295,3932
523,182485,13266,69647,9831,7412,3932
524,180606,13244,69109,9887,7214,5540
525,179596,13400,66568,9883,7583,5532
526,177952,13498,64590,9914,8159,5543
527,180066,13414,67763,9932,8988,5556
528,180092,13443,69112,9978,7069,5566
529,184828,13500,70331,9955,7968,3981
530,186874,13436,73346,9975,8169,5589
531,186506,13469,75260,10030,7998,5595
532,185706,13549,70096,10055,7349,4003
533,186706,13660,69363,10049,7885,5631
534,187645,13686,72229,10074,7620,4016
535,186844,13548,72646,10100,7675,4035
536,188900,13706,70766,10122,8127,5654
537,190495,13607,78326,10155,7947,5670
538,187394,13756,69746,10186,7006,5662
539,187457,13834,69744,10193,7836,5676
540,191514,13758,72824,10184,7658,5703
541,192071,13890,73778,10244,7267,5703
542,191525,13880,73014,10261,8151,4078
543,191430,13826,71920,10307,7847,5725
544,192517,13891,72389,10311,9397,2457
545,193674,13984,74289,10347,7694,4114
546,192580,13914,74395,10373,7729,4110
547,195721,13992,72856,10390,8911,5763
548,196240,14081,75676,10411,8045,5772
549,195606,14072,73939,10421,8901,5795
550,196044,14137,75210,10462,7734,5803
551,197711,14155,74146,10459,8157,5826
552,199424,14172,75487,10505,8323,4144
553,199013,14253,77327,10512,8080,4161
554,198658,14255,75451,10549,7748,5851
555,200573,14219,77237,10531,8460,5850
556,202411,14284,81463,10591,9332,5857
557,204116,14377,79575,10613,8422,5884
558,206099,14283,81117,10635,7939,4204
559,203221,14472,75339,10617,8685,5896
560,204306,14378,78596,10664,8918,2521
561,203596,14483,76414,10698,8081,5913
562,205671,14455,79057,10723,8258,5920
563,205109,14440,78606,10719,9169,4251
564,207936,14466,81775,10782,9175,5943
565,208468,14619,79998,10769,8112,5948
566,209474,14540,79001,10809,8758,2555
567,209570,14651,80175,10845,8125,5979
568,210442,14659,80547,10863,9434,4288
569,211356,14635,80608,10847,8725,5994
570,211615,14706,83778,10871,8358,6014
571,212012,14757,81595,10918,8116,4295
572,211687,14771,78149,10933,9083,6028
573,211297,14855,78910,10949,9046,4307
574,211993,14905,78695,10984,8327,4317
575,215205,14824,80960,11008,8407,6061
576,213780,14952,80849,11012,7668,4347
577,216923,14931,84256,11033,9038,6078
578,218256,14942,82339,11065,9767,4359
579,215923,15044,80570,11087,9140,6102
580,218960,14998,85356,11120,8936,6104
581,218250,15058,84536,11147,8793,6127
582,219516,15045,84066,11164,8832,4381
583,220143,15186,85953,11211,9799,6149
584,221971,15122,84478,11212,8621,6160
585,219009,15245,83340,11209,8033,6169
586,221773,15214,87301,11258,7987,6179
587,227481,15148,90876,11291,9034,6192
588,224528,15252,86953,11296,8991,6193
589,228717,15264,90397,11307,8200,6205
590,226051,15272,90587,11345,9088,4423
591,225234,15365,84855,11345,8558,4448
592,227396,15433,86831,11395,8796,6236
593,228140,15349,86507,11406,8505,4458
594,229500,15504,92886,11447,9241,6257
595,231081,15474,89865,11450,10145,6272
596,229647,15515,88860,11480,8401,6292
597,231037,15500,87714,11510,8846,4483
598,230497,15529,89092,11519,9320,6303
599,232720,15508,88034,11532,8691,4509
600,236311,15603,91635,11567,9201,4519
601,233561,15693,93002,11596,8991,6336
602,235927,15665,91909,11605,9721,6347
603,236189,15626,92589,11637,9289,6369
604,237966,15670,94568,11650,9046,4550
605,237095,15817,89184,11680,11068,6381
606,231935,15957,84416,11695,11706,6385
607,236963,15816,94088,11722,9577,6399
608,238517,15881,93047,11744,9684,6416
609,244385,15842,98133,11764,9332,6411
610,241386,15970,92579,11788,8770,6420
611,240815,15883,96015,11829,9223,6432
612,243036,15972,94358,11846,10038,4605
613,242794,16035,91659,11853,8791,6470
614,243770,16118,93583,11867,9708,6477
615,245107,16043,98291,11909,9289,6470
616,242774,16177,89135,11931,8966,6494
617,246429,16138,96949,11934,8985,6499
618,244068,16206,94280,11973,8900,6515
619,248063,16116,95782,11962,10089,6514
620,245997,16325,92502,11997,8609,4688
621,250496,16262,96918,12059,9266,4675
622,252168,16237,98810,12054,10050,4678
623,250612,16345,98153,12062,9740,6564
624,250360,16341,95899,12088,10034,4693
625,250150,16428,95843,12156,9310,6597
626,251252,16409,94561,12160,9564,937
627,258710,16445,102334,12183,10048,6617
628,255444,16438,97736,12206,9838,6616
629,258005,16471,103147,12220,9648,6633
630,255110,16653,97132,12240,8939,6637
631,255823,16611,100563,12277,10302,6639
632,256895,16655,100527,12316,10797,6674
633,254967,16685,99319,12342,9361,6663
634,255633,16684,98869,12309,9947,6691
635,262165,16618,104109,12351,9688,6696
636,262503,16707,102698,12366,10306,6700
637,260656,16782,100470,12402,10206,6723
638,263026,16709,104392,12425,9616,6736
639,262401,16859,103171,12425,10660,4797
640,262060,16885,103961,12459,10305,2890
641,265649,16861,104111,12511,9223,6748
642,264789,16782,105892,12532,10669,4845
643,265148,16974,104309,12524,9604,4833
644,264178,17027,98931,12556,10304,6783
645,269081,16946,104074,12574,9855,4864
646,269978,17059,104520,12589,10396,6820
647,264793,17104,98753,12603,9689,6825
648,266170,17184,102638,12631,9508,4863
649,271520,17148,105131,12668,10657,6848
650,268925,17132,105674,12681,11689,6854
651,272391,17210,104081,12711,9744,6855
652,274667,17221,106922,12723,8804,6872
653,273105,17128,105174,12779,9516,4912
654,274516,17256,106562,12771,11153,4923
655,271600,17259,101063,12819,10161,6899
656,275365,17450,104988,12812,10035,6915
657,276533,17501,105825,12844,10186,4942
658,278821,17377,109594,12838,9964,6927
659,279819,17371,109376,12905,10422,6942
660,280570,17433,113333,12932,10128,4969
661,282350,17547,113378,12967,8782,4986
662,277636,17645,105674,12967,10389,4991
663,280386,17576,108271,12983,9681,6981
664,280616,17581,114292,13007,10860,6998
665,282911,17635,111970,13051,10089,4994
666,278733,17790,101008,13071,10452,5010
667,283944,17673,111714,13068,11429,7026
668,286978,17753,111092,13117,10242,7038
669,285502,17579,112447,13141,11106,5033
670,283420,17815,108419,13137,10514,5044
671,292310,17872,115317,13171,10828,7093
672,289250,17805,115645,13171,11220,5065
673,289287,17880,116068,13210,10040,7090
674,291283,17927,113358,13229,10413,3042
675,290892,18041,109911,13252,10053,7110
676,296207,18013,113720,13284,12037,7133
677,289763,18052,109615,13317,10640,5089
678,293424,18045,114600,13328,10326,7156
679,291563,18102,110709,13336,10755,5112
680,296408,17942,121019,13370,10182,7175
681,296850,18143,116052,13396,10649,7176
682,298433,18211,114591,13426,10758,7186
683,298566,18214,114888,13448,10048,7180
684,298505,18174,118458,13441,10115,5154
685,299192,18225,114648,13488,10032,7212
686,300615,18269,116737,13524,11527,7227
687,304030,18317,120987,13504,10060,7246
688,303970,18415,121174,13530,10879,7243
689,303723,18325,125758,13550,10669,7259
690,302064,18411,115213,13590,10580,7276
691,304487,18366,120068,13605,9867,7281
692,305779,18569,118359,13633,10943,5201
693,304607,18608,114565,13655,10300,7292
694,304089,18475,118066,13693,10461,5217
695,308922,18469,122997,13702,10357,7308
696,309029,18663,117089,13738,11556,7331
697,307167,18558,124803,13749,11307,5233
698,312150,18650,122430,13802,10383,7355
699,312064,18707,124367,13796,11102,5270
700,307324,18853,113591,13810,12218,7353
701,314277,18838,120419,13862,9963,7372
702,313133,18750,123921,13879,9901,7377
703,315074,18813,123790,13901,10149,5289
704,313541,18866,124461,13917,10632,7420
705,316287,18881,123079,13930,11488,5308
706,312973,18976,117733,13938,10979,5322
707,318000,18985,123145,14003,11890,7452
708,319777,19011,120281,14020,10133,7468
709,321231,19068,124583,14032,10428,5338
710,319249,19121,119854,14060,10379,7483
711,318854,19073,122356,14066,10988,7480
712,324014,19096,129188,14091,11301,7499
713,322696,19207,129320,14128,10838,7511
714,328779,19278,130159,14139,10998,7517
715,328085,19293,128250,14196,11114,7542
716,322287,19241,127089,14193,11965,7549
717,324855,19394,124466,14228,11425,5398
718,326140,19318,129164,14236,10739,7552
719,328292,19276,126114,14256,11503,7567
720,327152,19323,126530,14243,11225,7575
721,330705,19302,132651,14300,11401,7597
722,332484,19415,130561,14337,12494,3260
723,332860,19451,129274,14376,11377,3267
724,332905,19378,129561,14383,11012,7631
725,335982,19375,137821,14412,10923,7635
726,333608,19494,130158,14437,10437,7642
727,336402,19620,135492,14420,12693,7676
728,334217,19574,131175,14460,12284,7668
729,337055,19541,132839,14454,11409,7676
730,340617,19660,137138,14511,13151,7703
731,338301,19687,130097,14498,10921,7699
732,340945,19683,136863,14532,11615,7709
733,340954,19722,135200,14575,10916,7729
734,341905,19814,132176,14592,11741,7731
735,343347,19799,130334,14601,11901,7747
736,338490,19852,134525,14640,12747,7777
737,341781,19885,136409,14683,11472,5556
738,346527,19845,144813,14701,10632,7772
739,346500,19986,136008,14696,12064,5557
740,347446,20033,138558,14728,11991,7783
741,347467,19946,133017,14733,13154,7807
742,347749,20062,138543,14784,11870,7801
743,345952,20209,133500,14779,11656,7829
744,350120,20103,141307,14832,10924,7837
745,352059,20016,145204,14848,11021,7841
746,351414,20258,135874,14878,10967,7847
747,350159,20366,139680,14901,10715,7882
748,351696,20314,136646,14919,12124,7879
749,354818,20458,136473,14965,11858,7897
750,355080,20313,136666,14955,13240,7888
751,355807,20355,138706,14993,11872,7903
752,356284,20336,139062,14994,12783,5660
753,356662,20438,137893,15029,11563,5668
754,360675,20461,143319,15014,11783,5655
755,361611,20470,145831,15039,11983,5692
756,361579,20445,142873,15116,12673,7973
757,363041,20499,147601,15116,11300,7968
758,364556,20483,146645,15111,13634,7976
759,365105,20492,144225,15151,12313,5714
760,360783,20641,141930,15191,11014,8005
761,362820,20596,143516,15218,12098,8029
762,369378,20631,150608,15246,11585,8017
763,367068,20766,146283,15237,11717,8038
764,367726,20771,142385,15282,11689,8046
765,368892,20720,149062,15266,11936,8062
766,372277,20803,149091,15288,11165,5748
767,371781,20743,149167,15348,12462,8086
768,376302,20823,147036,15350,11398,5781
769,370997,20919,146331,15398,11301,8094
770,375533,20954,145856,15405,13257,8105
771,377233,20945,154365,15439,11633,8124
772,376189,20878,149324,15452,13179,5804
773,375645,20992,151910,15454,12097,5811
774,381189,21006,152656,15526,14128,8152
775,374961,21192,147016,15537,12558,8159
776,382297,21050,157120,15531,11902,5829
777,381200,21005,151388,15557,13597,8196
778,379594,21223,147214,15598,12383,8183
779,380156,21331,148833,15631,12986,5854
780,382631,21222,150640,15648,12283,8219
781,380669,21162,155964,15670,12226,5865
782,382285,21329,151858,15659,13715,8230
783,385539,21332,152546,15706,13118,8234
784,390140,21499,153396,15736,14253,3528
785,389208,21394,156687,15758,13958,8271
786,390683,21537,155897,15794,11919,5909
787,388766,21522,151994,15835,12490,8295
788,387262,21491,156195,15846,12245,5909
789,390543,21563,154303,15866,11652,5932
790,392138,21622,154023,15869,12271,8316
791,392383,21622,148776,15899,13481,8340
792,394607,21624,156502,15951,12604,8340
793,395289,21579,154756,15935,11730,8355
794,395759,21650,156218,15943,11640,5990
795,395039,21815,154141,15996,13279,5986
796,394363,21715,154038,16003,14778,8376
797,394038,21889,154466,16017,12900,8384
798,401119,21789,161717,16052,13066,8405
799,400795,21729,158796,16062,12044,8426
800,400249,21902,160944,16093,14276,5991
801,400697,21989,160875,16115,12693,8430
802,402527,21913,154016,16117,12777,8443
803,405974,21862,161200,16171,12153,8470
804,401898,22113,157348,16181,11895,8452
805,407379,21972,158667,16223,13099,8473
806,408476,21986,162106,16210,12552,6061
807,406569,22142,160513,16265,12071,8499
808,411172,22039,165761,16279,11831,8511
809,414346,22087,171242,16286,12507,8525
810,410983,22236,161548,16298,14661,8533
811,411546,22173,161384,16333,14997,3648
812,409974,22268,164135,16354,12135,8546
813,413205,22403,161488,16390,11365,8558
814,415904,22369,166751,16425,13488,6135
815,415355,22345,166794,16443,12293,8582
816,417483,22320,169422,16477,12804,6146
817,419124,22464,163187,16483,13124,8604
818,419889,22325,164740,16516,12554,8626
819,422016,22346,168591,16527,12927,8615
820,415872,22435,157749,16576,13944,8642
821,420706,22534,162097,16572,13220,8632
822,425599,22539,167546,16595,13858,8666
823,422086,22527,166296,16623,12544,8661
824,423101,22736,164059,16639,13082,8673
825,431751,22592,173229,16664,12291,6212
826,428690,22729,167735,16693,13632,8705
827,428483,22747,172370,16696,14599,8708
828,429774,22875,171553,16721,15334,8717
829,427045,22815,167199,16753,12694,6224
830,432521,22775,173954,16758,13967,8734
831,432919,22838,168585,16788,13181,8745
832,434155,22828,173175,16838,15085,6260
833,433695,22960,172832,16867,13229,8758
834,432985,22926,171905,16862,14186,6255
835,436460,22845,172925,16889,15341,8793
836,431281,22964,168901,16885,14292,8804
837,442220,22844,181966,16956,14686,6298
838,442419,23035,176550,16959,14086,6319
839,441580,23086,181404,16970,13653,8839
840,440909,23307,176379,17018,12254,6322
841,439270,23202,180113,17058,12628,8849
842,443373,23087,174978,17049,13399,6336
843,446204,23165,174387,17076,13840,8877
844,442989,23221,176153,17065,14370,8875
845,444532,23329,180940,17128,12719,8893
846,444766,23310,179608,17136,13747,8913
847,445694,23475,178892,17191,13628,8911
848,447066,23426,179617,17186,13659,8943
849,451499,23483,176339,17229,13207,8942
850,450088,23431,176333,17251,14826,8956
851,451649,23482,178292,17285,15205,8972
852,454174,23472,182351,17292,13490,8984
853,451015,23499,184184,17297,14324,8975
854,451934,23630,175895,17330,14148,9003
855,456032,23621,180898,17380,12542,9005
856,452382,23698,178093,17359,14043,9008
857,458090,23719,186935,17398,13794,9025
858,457013,23625,182684,17440,13519,9011
859,461083,23721,186473,17439,13228,9038
860,464261,23669,191655,17436,12749,6466
861,460085,23747,187119,17487,13368,6482
862,461849,23818,189427,17520,14192,9091
863,460511,23812,184683,17537,14528,6499
864,463097,23871,185790,17574,14424,9100
865,463019,23916,186383,17574,14946,9100
866,467863,23960,187893,17614,14293,9115
867,463460,24083,186281,17670,15478,9116
868,470657,23899,192729,17608,14679,9139
869,470759,24160,189389,17676,13993,6536
870,469062,24111,179054,17703,13921,9154
871,472084,24048,187199,17702,14815,6568
872,474797,24047,194319,17702,13886,9184
873,468229,24242,185360,17774,14456,9198
874,474618,24160,193117,17789,13434,9213
875,470176,24316,183854,17800,15086,9203
876,475513,24243,194531,17828,14039,9227
877,477454,24189,190786,17876,14433,6582
878,484151,24305,201816,17882,14974,9251
879,477120,24299,186817,17882,14207,6620
880,481770,24370,192907,17907,13988,9256
881,481315,24397,191368,17985,14393,9260
882,482659,24501,191415,17988,14854,9282
883,484804,24435,199761,17975,15455,9287
884,480664,24569,185394,17988,13444,6652
885,493170,24488,202491,18033,14025,9323
886,487016,24610,194368,18049,14730,9324
887,488164,24619,199730,18111,14668,9322
888,487060,24648,192452,18090,14377,9348
889,493505,24693,197945,18122,13410,9366
890,488426,24704,193524,18140,14488,9369
891,491632,24716,197970,18205,13810,9379
892,494987,24709,195668,18178,14119,6730
893,495972,24715,200502,18202,13853,9394
894,492078,24933,200525,18249,13691,9408
895,497266,24879,198134,18275,17674,6747
896,499959,24794,206578,18289,13335,9452
897,496548,25100,196017,18343,15283,9452
898,504230,24814,206334,18325,15392,9460
899,500822,25009,195481,18363,15565,9468
900,503515,24960,206214,18393,14624,9469
901,503234,24975,209254,18402,16294,9500
902,503062,25217,204887,18408,14504,9501
903,505510,25025,202985,18459,13548,6781
904,504842,25138,210654,18479,15082,6787
905,505066,25246,203445,18522,14403,9520
906,506775,25272,199800,18532,14322,9533
907,512369,25224,207729,18561,14453,9541
908,510532,25358,204960,18579,15700,9560
909,510102,25307,202527,18584,17588,9572
910,510003,25297,200753,18619,15772,9578
911,516203,25309,213700,18602,14030,9598
912,515052,25422,198932,18657,14689,6845
913,517500,25443,204268,18665,14085,9613
914,519241,25481,212253,18715,14468,6860
915,519472,25373,211848,18730,14519,9617
916,517868,25525,212100,18766,17406,6892
917,517895,25504,214630,18765,15236,4130
918,521100,25719,206135,18783,14353,6899
919,521440,25650,205306,18763,15033,9682
920,518571,25685,206701,18870,14482,9678
921,525120,25673,212624,18873,14377,9690
922,522083,25690,208395,18890,16008,9704
923,526453,25864,208650,18903,14994,9713
924,528500,25803,217795,18929,15699,9712
925,529095,25758,216256,18927,14088,9738
926,530868,25637,219939,18978,15255,6960
927,530677,25889,215915,19065,14181,9767
928,535068,25927,217804,19032,15305,9768
929,532515,26023,212036,19065,14555,9772
930,536275,25926,215371,19067,14263,9788
931,530850,25854,221935,19102,14665,9812
932,532128,26144,209735,19146,13729,9806
933,537129,26123,219315,19167,13770,9814
934,537696,26137,214944,19131,14856,7026
935,542109,26080,219027,19168,15486,7030
936,539164,26172,215028,19213,14777,9862
937,542840,26070,221587,19240,16467,7060
938,543188,26129,219591,19283,15095,7058
939,541648,26258,218825,19264,16289,9891
940,544538,26284,221706,19306,16966,7075
941,544313,26266,222098,19306,16171,9911
942,542972,26346,216174,19390,16214,9905
943,545975,26391,218196,19399,16230,9922
944,548307,26534,223362,19403,17163,9930
945,548119,26582,220815,19369,17774,9947
946,549304,26524,223864,19461,15520,9953
947,548216,26545,214977,19488,16748,9970
948,552496,26598,227483,19477,14851,9989
949,557830,26517,237677,19517,16042,9999
950,557769,26483,227006,19542,15051,9998
951,560333,26624,228887,19563,18403,10018
952,557393,26647,226194,19574,15506,10024
953,560836,26629,230872,19589,14943,10016
954,561805,26625,234212,19645,14960,10053
955,566600,26646,233415,19640,15766,10057
956,563129,26807,237431,19687,16645,10050
957,562802,26795,230232,19661,15900,7187
958,567773,26896,226189,19708,15053,10087
959,567255,26833,229929,19726,15192,7221
960,563129,26961,222832,19764,17087,10112
961,561323,26970,225018,19792,16590,7224
962,569376,26945,232171,19812,16041,10122
963,573105,26990,231116,19820,15075,7236
964,568351,27097,233091,19848,15780,10143
965,570111,27121,230253,19861,14769,10157
966,573847,27090,232632,19871,15339,10173
967,570022,27153,231412,19909,15432,7262
968,578732,27137,237960,19967,15506,7265
969,575699,27185,239447,19938,15302,10193
970,580831,27226,242899,19981,16650,7308
971,583232,27352,238021,20036,15947,10204
972,578841,27243,236152,20037,18546,7311
973,581501,27300,236558,20068,18164,7325
974,586357,27113,246507,20094,17367,10232
975,586496,27218,241808,20117,17942,10266
976,581956,27559,232646,20112,15459,10286
977,583264,27439,240188,20139,16025,7351
978,586228,27474,236535,20183,15282,10297
979,589847,27579,243984,20189,17542,10307
980,587862,27614,230751,20207,15776,10310
981,590183,27578,247493,20251,16601,7370
982,590694,27769,232269,20246,19058,7396
983,593224,27631,238222,20269,16062,10339
984,596782,27609,239549,20317,18654,10345
985,595290,27750,244756,20329,15153,10375
986,592627,27875,238891,20379,16319,7406
987,595777,27794,244473,20360,19412,10386
988,599827,27907,248962,20439,18039,7411
989,600825,27805,250139,20430,16124,7428
990,599973,27822,242978,20470,16763,7451
991,605223,27903,254128,20495,15773,10438
992,608296,28022,244858,20510,16518,10457
993,604622,27917,247090,20509,17643,7478
994,606465,28018,246622,20531,18003,10455
995,602658,28048,239623,20532,16607,10467
996,605128,28155,250768,20570,16486,10483
997,606795,28089,247645,20596,16342,7506
998,610580,28142,250332,20625,15136,10495
999,607756,28112,247813,20682,15780,10513
1000,611601,28225,261928,20686,15114,10524
